wage,educ,exper
18.7,16,39
11.5,12,16
15.04,16,13
25.95,14,11
24.03,12,51
20,12,30
53.84,16,30
25,12,34
28.85,16,31
16.83,13,31
14.8,12,45
43.25,16,33
19.23,12,33
14,14,15
8,12,23
57.7,21,41
20,12,50
20.83,18,24
22,11,27
68.75,14,41
10.5,12,27
9.88,13,25
10.96,12,22
8.25,13,11
14.86,18,3
8.75,12,45
15.3,12,34
12.7,12,40
10.75,13,6
17.33,12,15
7.5,10,27
18.5,12,19
9,13,30
51.29,21,25
20.53,14,38
12.68,18,42
7.25,12,16
18.28,14,23
21.63,16,7
19.23,14,34
25,12,25
16.83,16,38
10.53,12,15
16.35,13,44
5.2,13,5
50,13,18
10,13,28
9,12,32
13,14,29
18.25,12,13
36.05,16,20
11.3,12,29
11,10,12
7.5,12,29
7.5,16,4
25.63,12,23
25.95,18,26
19.23,16,37
25,13,34
28,14,27
9,3,33
29.75,12,22
8.75,3,19
15.55,12,34
25.63,14,24
17.19,18,47
10.5,12,9
12.7,14,29
9.46,12,35
28.85,18,12
47.13,16,17
9,14,25
72.13,12,27
30.77,21,29
28.84,16,16
26.93,14,32
8,12,7
8,13,7
18.75,13,44
13,13,35
34.62,21,12
39.9,13,32
10.25,16,18
15.37,12,33
19.23,12,29
13.45,12,42
27.5,13,20
10,14,18
13.03,12,31
7.88,12,40
8,6,14
16.83,16,13
13.8,12,36
10.3,13,56
11.5,14,28
12,16,29
35.89,18,21
28.85,16,34
16.95,12,35
17,14,29
8,14,3
40.38,16,17
20,13,26
19.23,13,17
10,16,32
35.71,16,16
39.06,14,18
9,18,43
13.5,12,7
31.25,18,22
19.23,12,21
29.91,16,33
13.5,12,23
15,16,6
32.68,13,24
29.08,16,12
27.83,14,6
14.25,12,46
38.47,16,47
18.28,12,13
20,16,34
9,14,19
12,12,65
12,16,13
25.63,18,21
22.05,13,12
10.5,16,37
6.76,9,20
6.5,10,63
9.32,13,34
10.58,12,46
24.03,16,42
18,12,27
18.03,14,16
39.23,18,43
18.52,12,21
24.05,16,24
28.85,13,27
9.57,10,11
14.95,13,33
15.65,13,39
25,18,20
27.88,21,15
15.4,13,32
19.23,14,4
38,16,33
15.38,12,35
28.85,13,48
15.88,13,17
25,16,9
11.35,14,38
15.38,12,51
30.76,16,19
18.75,12,29
72.13,16,28
13.75,12,32
24.05,13,30
17.5,12,39
43.25,18,8
9.93,12,32
24.63,16,38
36.3,13,44
30.9,16,35
11,14,15
12.5,12,29
28.85,13,39
10,12,9
25.35,16,22
12.31,13,23
21.27,12,38
17.49,12,30
23,13,37
36.05,18,37
9,12,27
27.3,13,31
21.63,16,24
17,13,19
14.29,16,4
35.1,18,35
16,12,24
7,12,14
21.63,12,34
9.25,14,39
15.43,12,18
21.25,16,36
34.63,12,37
10,16,17
15.38,16,38
45.23,14,42
12,16,9
10,12,35
14,13,10
31.25,12,40
50.95,18,22
37.5,21,36
15.88,13,44
23.08,12,27
8.52,0,44
10,14,37
18,14,37
31.73,13,19
20,16,10
28,18,7
7.25,9,16
14.4,16,17
21.63,12,22
24.05,13,29
21,13,9
24.29,16,28
6,14,6
12.5,12,16
19.23,12,15
15.53,12,27
7.25,11,12
35.49,18,9
19.24,18,8
22.7,18,29
30.7,18,25
10,13,13
72.13,16,11
72.13,16,22
19.23,14,44
9.9,13,9
15,8,43
6.5,13,57
28.72,12,14
34.63,18,19
12.03,13,9
9,14,8
30,16,16
3.75,16,31
16.83,14,10
12.08,12,24
43.8,21,33
8.25,13,7
19.55,14,32
21.54,16,19
14.5,12,34
10.5,8,37
11.3,13,21
35,12,51
19.55,14,28
10.94,12,10
13.33,12,50
18,12,21
9.5,12,10
18,12,24
15,18,17
13,12,15
19.2,14,39
11.5,12,21
36.52,16,30
10,12,39
20.04,13,30
24.03,16,4
31.25,14,35
13.04,13,15
16,12,44
31.25,12,44
16.88,16,36
29.8,13,42
7.6,12,47
11,13,35
16.28,16,35
17.57,13,50
24.33,16,18
16.24,16,36
22,16,9
25,12,32
20,13,22
43,12,29
40.38,16,39
11.5,13,17
19.23,13,42
7.5,13,44
19.23,16,19
21.5,12,35
26,14,28
16.08,18,36
14,16,7
23.06,16,33
13.25,12,20
61.11,18,22
11.25,13,10
16.83,16,35
8,13,5
8.63,12,36
18.75,14,14
30.33,18,34
40.46,13,32
27.63,16,42
11,16,3
7.5,13,6
17.88,16,15
8,13,27
18.3,12,33
28.83,13,34
13,12,28
25.32,12,35
18.9,12,38
17.86,12,45
9.26,12,43
18.49,12,39
14.43,12,26
24.05,18,30
6.87,16,9
19.24,18,24
24.05,18,10
20.09,16,9
26,12,53
21.15,16,14
27.4,13,36
38.45,16,33
12.86,12,34
10.3,12,14
11,16,43
15.13,12,32
24.05,14,45
13,12,13
20.2,16,17
7.5,11,9
8,13,5
7.25,8,18
11.5,13,64
24.05,13,35
24.05,12,55
13.73,13,26
7.93,13,27
8.75,16,35
13.2,10,25
15,12,38
15.39,12,41
8,12,19
35.25,16,25
14.68,18,12
12.4,12,37
12.5,13,12
10,12,36
21.67,18,26
20,12,30
13.08,14,16
7,12,36
19.23,16,14
15,14,28
6.5,12,24
8.5,12,14
6.35,12,17
19.24,14,7
20.63,13,34
24.05,3,36
48.55,18,42
13.16,16,4
12.75,12,28
19.57,16,13
8.53,13,5
10,13,6
24.33,12,40
11,14,41
33.65,18,34
14.91,16,38
14.16,12,6
10.78,13,44
21.36,16,33
38.23,12,36
36.71,13,19
6.25,18,15
27.1,16,29
10,12,21
8,16,29
7.5,12,18
10.38,13,6
13.73,16,22
54.05,16,31
17.3,12,42
20.3,14,6
7.14,12,18
25,16,14
31.15,14,28
9.5,12,8
8.1,12,10
8.5,12,9
25.96,14,14
13.75,16,9
12.5,14,30
9,12,20
57.69,16,43
72.13,14,32
36.05,16,6
19.79,12,46
50,18,15
7.49,12,40
16,12,33
40.38,21,31
33.65,16,32
38.45,18,32
52.88,16,43
13,12,50
24.05,12,17
8.75,16,8
40.38,18,8
8.8,12,24
15.56,16,15
10,12,24
9.34,11,20
10.5,12,21
18,12,30
6.93,12,54
17.5,6,33
24.05,16,27
12.31,12,49
32.7,12,25
9.5,12,32
17.5,16,3
25,16,5
14.43,13,41
9.33,13,6
17.48,12,39
12.5,12,7
8,12,33
17.3,12,11
15.38,12,27
6.5,8,44
44.43,16,32
15.85,14,47
14.4,12,9
7.29,14,47
19.7,18,22
21,14,24
11,12,28
16.57,14,29
48.55,16,38
12,12,12
40.15,16,28
22.4,12,28
11.5,13,45
28.85,12,38
24.23,14,6
24.05,16,27
7.5,9,23
11.25,13,7
19.23,16,36
12.98,13,31
16.56,13,26
23,12,24
12,12,39
53.57,18,38
8.85,11,14
47.8,16,36
20,14,7
1.97,18,51
10.51,12,38
9,13,11
9.73,14,13
38.45,16,39
28,16,17
27.23,12,40
13.03,12,27
30,16,26
10.1,14,18
16.25,12,14
15.25,12,43
35,13,10
57.68,21,16
50,16,43
9.63,12,42
10,14,29
15.23,12,44
10.5,12,37
10,16,4
20.1,12,40
8,12,49
17,13,9
35.17,18,26
9,13,54
12.9,16,11
12.75,9,28
24.05,18,25
10.19,12,38
38.45,14,33
14.25,12,35
12.03,6,21
19.23,13,27
8.75,14,33
29.1,13,39
33.65,16,31
16,12,20
13.88,3,64
25,12,42
15,13,8
25.18,13,25
17.5,12,34
36.8,18,10
32.68,18,17
28.83,16,33
25.25,13,34
16,10,11
18,12,18
14.5,12,21
41.35,18,44
16.25,14,29
9,13,8
17.71,13,28
15.45,14,35
23.08,12,34
8,13,6
13.75,12,43
8.76,9,40
8.78,13,16
7.75,6,32
28.85,16,28
20.2,16,35
9.23,12,38
14,16,5
25,12,36
21.48,12,23
12.97,13,6
27,12,23
37.5,12,25
21.15,14,26
2.88,13,12
9.75,11,40
16,12,15
13,12,32
48.08,21,30
7.7,12,38
22.6,18,18
5.73,6,45
14.4,12,42
33.5,12,13
18.82,11,42
17.5,12,11
11,16,20
9.35,16,40
16.25,6,39
9.5,13,46
76.39,14,20
36.67,18,25
9,18,44
51.52,13,14
15,21,18
38.75,18,23
15.38,16,7
43.28,21,12
17.3,16,17
33.65,16,20
2.5,12,46
16.25,12,35
14.6,12,28
12.5,16,4
36.05,21,31
19.23,12,31
9.24,12,34
9.15,13,8
36.05,16,32
16.25,12,10
14.55,12,19
29.4,21,31
50.03,13,39
28,16,30
28.83,16,11
72.13,16,41
13,16,37
6.14,11,51
36.33,16,24
18.06,12,35
22.64,14,33
15,14,20
42.11,16,44
13.8,13,41
55,16,30
10.4,13,18
24.03,16,35
20.63,16,30
12.5,16,49
24.95,13,19
23.49,16,10
28,14,36
9.5,13,35
34.63,14,31
48.55,16,14
8.06,13,13
17.36,13,36
28.44,14,42
35.75,14,27
13.95,14,20
9,12,16
21,13,41
20,12,12
8.33,13,5
65.98,21,37
13,12,42
21.33,12,20
15,16,38
8.1,11,47
15,9,23
15,12,34
18.75,18,11
9.78,12,6
9.83,12,27
10,12,23
12.5,12,36
30.44,16,2
12.5,13,8
13.45,12,14
29.8,13,42
26.78,16,5
10,18,11
21.52,18,22
12.87,12,48
22.5,16,32
15,12,40
24.79,12,32
6.66,12,21
10.73,14,48
10.5,12,33
13.16,10,40
9.75,12,8
17,12,31
36.05,14,23
41.54,16,22
34.18,12,42
50,18,33
6.73,12,14
6.38,18,37
20.6,16,26
6.75,12,14
10,13,8
26.78,12,39
72.13,18,38
21.63,16,38
44.23,18,27
17.35,13,33
25.73,14,29
50,16,9
20,14,13
8,12,25
34.63,14,19
9.5,13,53
7.7,3,19
9,16,3
16,13,38
8.75,12,20
11,12,28
13.82,16,37
13.1,12,17
19.23,14,35
18.45,12,32
14.43,13,48
21.93,16,17
16.1,14,29
14.5,13,32
15.71,16,38
28.18,12,6
28.85,14,27
57.7,16,28
28.85,18,39
23.08,13,37
25.25,18,27
15,12,33
23.08,16,20
21.88,13,37
8.26,12,9
12.03,16,20
8.5,12,27
40,16,22
30,6,18
28,21,14
9.5,12,15
23.07,16,8
22.3,16,24
7.52,12,6
38.45,18,41
18.75,8,22
2.52,12,22
26.14,12,39
36.06,13,34
12,16,19
15.38,14,30
16.23,12,12
31.25,16,15
20,14,24
10.38,13,24
9.48,12,15
25,13,11
10.49,14,14
11.5,12,9
8,12,60
14.5,16,9
38.45,18,21
11.5,11,20
45.65,8,31
14,12,30
5.33,12,62
12.9,16,9
23.63,16,20
30.3,16,33
20.2,16,14
31.25,18,18
26.44,13,8
23,12,39
32.68,14,40
18.25,13,27
20.2,12,13
22.6,12,32
7.45,10,28
13,12,56
8,12,49
26.1,12,10
46.16,16,18
8,12,13
16,12,38
8.76,16,32
33.65,12,22
11.78,13,39
47.62,18,42
24.45,12,36
34.18,16,28
31.73,16,21
18.45,12,45
34.62,13,32
21.36,12,38
38.46,18,23
2.3,16,41
22.65,13,34
4.33,8,20
31.25,18,10
8.5,14,4
22.76,13,43
19.55,12,28
17.96,14,29
24.04,12,16
44.24,12,42
31.88,14,39
28.83,21,39
39.9,14,28
61.82,18,39
25.38,16,8
12,16,39
8.65,16,14
38.45,16,33
38.45,10,53
7.2,12,9
7.5,13,6
25,14,24
18.48,16,31
61.54,18,26
15.8,12,24
39.43,12,32
10,12,46
6.25,21,11
28.85,18,34
15.33,12,31
23.3,18,40
9,12,9
21.8,13,28
15.33,12,22
10,12,11
20.17,16,45
25.64,16,15
10.5,13,41
10.38,13,44
16.83,16,24
15.75,12,39
19.24,14,34
8.65,12,28
10.85,16,26
18.7,13,47
16.22,11,26
9,9,24
12,12,13
6.77,12,23
20.13,14,35
15,13,22
10,12,26
12,12,38
17.96,16,19
37.6,16,31
14.43,13,9
42,16,28
41.52,13,30
23.08,16,25
24.53,16,13
9.52,13,30
12,16,28
13.8,12,48
42,13,21
10.55,12,7
10,13,10
12.75,14,35
8.75,12,40
28.85,16,12
25,16,4
25,18,26
25,16,11
9,12,29
72.13,18,43
21.03,16,22
35.23,16,42
9.4,12,61
12.5,13,7
37.5,14,56
6.5,12,54
52.5,13,27
7.5,14,17
31.25,16,10
25,18,11
10.48,12,40
17.75,12,22
13,13,37
5.97,12,43
25,21,27
18.5,13,37
11.55,11,19
44.87,16,24
7.4,8,16
11.85,12,50
24.17,16,23
7.2,14,15
18.18,13,18
14,12,20
36.05,13,19
13.61,12,22
34.63,16,8
17.3,16,10
14,14,58
29.9,18,44
15,13,11
16.14,18,7
38,16,15
7.98,12,19
24.03,18,23
23.51,21,31
22.43,21,20
15.75,13,41
11.5,13,51
21.63,18,32
45.45,18,42
35.63,12,22
19.05,9,38
30.63,13,28
16.35,14,35
12.4,12,11
31.25,12,21
14.1,14,38
24,14,28
27.49,16,30
7.9,12,40
11,12,15
16.83,12,38
57.68,16,35
11,16,5
6.4,12,27
16.83,14,23
19.58,11,36
28.52,12,24
12,12,30
21.15,13,23
14.9,12,36
14.26,12,28
8.15,11,46
32.3,16,29
7,12,12
22.5,12,22
30,13,35
24.14,16,14
72.13,18,36
11.8,14,23
60.1,18,31
19.23,12,10
12.82,16,7
15,16,11
21.25,14,10
11.51,6,16
28.83,12,20
25.64,21,19
12.26,16,23
10,12,23
8,12,8
25.48,16,34
52.88,21,39
19.22,16,44
19.23,18,14
15,12,32
19.23,16,37
23.58,13,35
4.58,12,38
9,12,31
15,12,14
25,13,36
29.8,18,37
64.11,18,21
19.23,14,24
27.4,12,23
21.63,12,26
10,12,32
11.55,13,25
38.45,16,10
17,12,8
64.11,16,32
28.1,14,28
21.25,8,22
10.58,12,23
16.67,10,44
31.75,16,8
25.75,13,29
17.42,13,48
21.63,16,42
7.97,13,20
48.08,18,26
21.25,16,13
10,14,22
19.63,12,38
16,12,54
19.23,16,25
28.85,12,38
8.5,12,39
60,14,37
9.63,12,35
9,13,10
37.18,12,20
33.65,13,27
16.25,12,42
14.43,16,9
10,12,15
19.23,16,3
19.23,18,30
7,11,44
24.03,21,17
7.57,13,6
12.5,12,22
11.4,13,15
13,16,50
25,12,33
22.13,12,34
13.5,13,39
8,12,7
11.25,12,16
14.43,12,36
9.8,18,46
17.3,12,44
8,12,7
35.76,16,17
10,12,31
19.23,16,28
20,14,29
10.25,16,38
17.63,12,15
14.53,13,47
5.9,14,4
18.46,12,12
39.33,12,32
7.5,11,38
16,18,16
14.5,13,27
62.03,16,44
16.35,12,25
24.44,12,24
17,13,15
14.96,16,11
67.3,12,42
21,13,32
20.4,16,4
16,10,16
12.82,14,22
20,18,11
12,12,18
35.1,16,22
12.5,13,13
31.73,16,30
12.38,8,63
12.5,12,35
21,14,19
21.38,13,11
12.5,12,8
57.7,12,26
29.76,13,41
18,12,9
7.25,13,11
9,14,44
27.7,21,13
28,3,32
12,16,37
9.7,13,8
7,12,24
18.24,21,8
25.95,18,40
16.04,16,5
14,12,20
40.08,18,39
8,12,7
16.93,16,8
11.5,12,19
21.15,13,27
7.2,16,21
23.1,12,43
16.83,16,27
28.85,13,7
11.25,14,5
7.5,8,36
8.5,13,22
5.78,12,10
33.65,16,16
26.72,16,14
12.5,14,20
14.5,12,12
41.67,16,38
50.48,21,24
12.03,12,22
28.88,14,42
6.4,6,51
13.3,12,43
36.05,16,9
25,12,32
30.21,18,34
25,16,53
16,12,26
11,13,18
12.28,18,45
14.43,18,7
15.56,14,14
15.38,16,10
12.75,13,20
21.38,16,33
15.73,16,30
14.43,12,30
18.63,14,38
28.85,16,44
19.35,12,17
14,12,6
12.35,12,34
12,0,30
17.7,13,15
32.7,21,37
10.58,6,51
11.84,16,11
11.25,13,20
16,12,13
26.45,16,4
21.63,14,15
11,10,15
42.73,16,16
9.38,10,68
9.2,12,27
24.05,14,37
9.63,12,34
7.5,14,11
2.88,18,30
9.36,10,19
8,12,6
10.5,12,32
10,9,39
14.43,12,29
15,12,30
20.5,16,21
5.33,13,6
9,13,5
34.63,21,22
21,12,37
16.63,12,30
8,12,7
10,12,51
17.8,13,24
8,3,23
36,14,26
15,12,39
36.05,16,24
17.61,13,11
7.5,16,36
21,12,38
18.28,16,36
23.81,14,26
19.7,16,9
6.86,3,22
15.38,14,27
45.2,18,44
15,14,37
25,14,37
15.53,16,5
11.43,12,19
11,14,32
25.38,16,35
20.5,12,42
13.75,12,48
7,12,14
20.2,10,21
26,16,6
11.7,12,21
7.77,14,26
17.3,13,33
30,12,22
16.5,14,11
8,12,24
13.4,16,5
11.25,12,19
20,12,43
9.26,13,46
15,16,28
15.38,12,27
12,12,22
6,12,34
12.5,12,28
15.53,6,17
14,12,20
11,12,11
52.27,16,27
19.05,12,37
19.24,13,26
25,14,36
37.5,18,22
13.95,12,25
7.5,12,6
19.19,13,42
36.05,16,22
21,12,41
15.45,12,18
26.45,18,11
26.25,13,33
25.25,16,37
6.9,13,30
15,13,27
25,12,16
12.15,14,36
20,13,37
8.33,12,34
37.5,16,35
49.46,13,41
16,13,32
8.65,12,60
17.22,14,8
16.16,21,13
14,12,11
5.71,12,17
36.06,16,8
36.05,18,17
17.86,21,38
6.5,12,43
42,16,24
12,11,32
11.73,12,28
33.65,16,46
12.63,13,46
14,12,38
6.5,12,14
8.74,12,38
31.58,16,24
12.82,16,24
43.28,16,45
22.25,13,35
18.75,14,17
14,12,28
28.93,16,37
33.85,16,20
55.76,21,16
14,16,6
23.85,12,11
23,16,27
10.73,12,58
32.05,21,22
35.76,13,38
9.2,18,5
16,13,49
12,13,42
14.38,12,40
7.25,12,40
7,12,11
9,6,17
57.7,18,30
12.5,12,40
11,12,38
16.35,16,6
15,14,14
31.25,16,18
50,16,34
3.18,18,40
48.08,16,17
13,12,18
18.28,13,20
37.5,12,22
9.25,12,44
33.65,18,9
13,12,14
12.7,12,40
14.44,13,51
11.57,12,20
16.83,12,42
9.38,6,25
8.87,13,6
9,8,14
7.92,12,26
6,11,10
8.53,13,39
19.23,12,16
47,16,27
8,14,32
28.85,12,39
14.76,13,10
31.25,16,49
19.23,12,38
18.08,14,12
7,8,14
25,13,31
9,0,32
21.63,18,32
12.03,13,12
57.68,16,34
72.13,13,28
27.25,16,9
8.93,13,13
12.5,16,57
34.06,18,14
14.15,14,38
15,12,33
9,6,25
17.3,13,9
10.5,14,5
16,13,27
10.5,14,13
7.7,14,38
12.86,13,31
24.05,14,18
15.38,16,29
29.91,16,27
14.5,18,17
16.83,14,35
52.88,16,26
28.85,13,43
36.05,12,16
35,12,49
17.5,21,31
13.95,12,20
24.47,13,31
6.53,13,13
27.88,16,7
10,13,40
11.6,8,39
24.05,16,40
25.48,16,23
25,12,27
14.43,14,22
23.84,18,18
11,13,27
27.5,12,23
9.63,16,38
11,12,21
42.2,14,6
14.23,14,29
6.25,12,9
21.33,13,26
33.65,16,35
15.05,14,4
15,16,7
46.14,16,32
37.5,13,35
9.89,14,30
18.7,18,45
7.5,12,45
42.5,18,29
19,12,42
25,14,35
7.53,12,7
19.48,18,22
10.23,14,31
46.15,16,27
21.5,13,33
44.87,18,42
15.63,12,47
12.67,12,20
16.83,13,32
24.37,12,32
13.06,12,7
9.3,12,7
27.88,16,25
55.88,18,24
16.98,18,8
9.63,12,38
15.4,12,13
18,16,27
30,21,8
9.62,12,21
27.78,16,12
15.1,12,40
45.2,14,39
8.6,11,32
9.6,12,33
16.25,16,57
17,13,10
21.25,12,29
31.25,18,35
27,13,29
13.47,18,31
55,16,25
14,12,29
16,12,44
22.5,18,28
72.1,14,18
23.75,14,38
8.26,13,5
9,13,6
12.5,16,5
25.64,18,37
22.43,16,28
52.45,16,26
25.95,12,45
24.05,12,23
14,12,23
7.28,18,38
7.33,12,9
72.13,18,43
12.5,14,27
42.31,16,25
15.5,13,8
23.34,21,33
12.5,13,7
14.43,14,32
14.95,16,14
7.7,9,24
31.7,18,38
72.13,12,26
19.22,14,33
19.23,13,8
26.5,14,25
16.7,12,19
13,13,45
21.15,12,11
13.5,14,10
26,12,27
6.92,13,48
48.08,16,46
24.29,16,41
9.39,12,46
7.2,8,33
40.38,18,9
48.08,21,48
18.36,10,10
12.5,13,38
27.69,18,35
8.86,10,23
12.5,10,43
6.15,12,50
3.75,10,25
64.11,21,15
9.39,12,26
33.65,13,42
13.95,12,35
22.6,12,50
14.4,12,44
9.6,16,6
24.03,14,34
12.13,16,11
9,8,35
21.36,18,11
24,16,14
15.7,12,29
12,12,38
11.53,18,16
24.05,16,3
20.2,16,23
14.97,13,32
12.29,14,11
14.4,16,11
28.85,16,4
10.7,14,22
16.35,12,38
10,13,41
52.5,12,25
11,16,19
36.05,14,27
57.7,18,29
16.13,13,24
7.14,12,7
51.93,16,48
43.7,11,38
12,16,13
9,14,10
31.25,16,29
15.5,14,11
22,16,41
16.7,12,13
14.57,12,55
7.5,12,29
30,16,20
18.08,13,18
11,16,50
20.36,12,28
18.28,13,12
28.85,16,33
16,12,40
15.6,12,23
10,12,28
18.46,21,50
28.83,14,18
24.05,16,12
28.85,16,21
26.9,13,23
42.5,14,31
17.48,14,43
33.65,16,22
39.68,14,14
13.7,12,8
14.43,12,41
13.75,12,14
12.44,16,40
9.25,12,38
9,10,30
24.8,18,15
12.98,12,47
5,13,6
15,12,29
19.23,12,15
17,13,41
16.67,21,11
33.25,16,29
46.15,21,20
33.65,12,27
17.3,14,16
51.56,18,41
10,16,12
55.56,16,14
27.78,14,22
6.73,13,5
45.92,14,18
11.55,12,32
28.85,13,45
25,18,17
25.18,16,10
8,16,7
8,12,32
7.9,12,31
19.22,16,19
7.5,12,25
16.25,16,3
36.05,16,8
7.5,12,8
34.6,12,25
24.05,16,20
33,14,34
7.2,10,30
14,12,40
6.9,13,6
21.63,16,42
69.23,21,8
24,14,29
10,10,9
14.95,12,31
6.44,13,59
11,11,10
14.43,12,40
14.58,12,28
14.43,16,4
16.11,12,37
20,12,17
23.84,18,42
10,13,5
19.7,13,10
20.18,14,13
16,6,37
14.51,12,10
8.25,12,25
22.3,18,7
34.6,16,22
5.84,13,41
48.71,18,26
21.84,13,30
10.59,8,65
13.85,14,25
20.83,14,42
7.5,12,19
17,13,21
14.4,12,37
30,14,20
4,12,49
16.83,13,44
16.5,12,12
12.5,12,13
8.65,13,20
10.5,16,36
20.63,16,17
27.5,14,36
13.23,14,5
57.7,13,28
24.05,12,38
15.07,12,30
19.23,13,13
10,6,40
18.43,16,27
34.63,16,40
15.25,13,40
38.46,13,25
36.5,18,23
47.63,16,33
10.73,12,70
27.4,18,29
12.5,16,4
13.22,12,34
14.43,16,32
15.88,6,22
13.53,12,19
19.4,13,36
6.05,12,25
19.9,12,22
9.15,12,54
19.23,16,30
9,13,31
10,12,8
21.36,16,9
21.63,12,22
38.05,18,27
9.35,9,50
11.18,12,31
14.16,13,10
38,18,13
15.11,16,23
10,12,32
8.75,12,12
23.38,13,18
19.23,16,37
24.05,16,12
25,12,21
27.65,13,29
18,12,7
9,13,13
16,14,17
27.5,18,33
12,12,47
9.75,13,19
10,16,46
27.78,16,39
7.5,12,43
6.5,13,13
12.16,12,25
25.64,12,27
15,12,35
15,16,52
15.28,12,22
36.05,16,24
18.75,16,24
8,12,30
13.4,13,7
10,12,38
37.1,12,43
41.16,16,20
22,13,24
6.5,12,16
41.5,18,32
17.53,12,40
31.92,14,38
25,16,41
17,12,6
4.8,8,36
25.85,14,17
10,12,24
14.25,12,40
8.65,6,38
11.75,13,20
12.75,12,21
31.25,14,17
10,14,14
31.73,12,35
7,12,33
14.12,14,13
16.41,16,21
6.43,14,42
17,12,41
39,18,21
15,13,39
40.38,14,32
28.84,12,25
8.25,13,6
23.97,12,15
15.32,13,29
14.43,13,13
11.83,13,27
38.46,18,31
33.65,21,39
15.86,13,51
16.25,16,32
13.6,16,4
13,12,58
14,12,19
26.3,16,26
21.54,16,16
7.5,12,38
34,16,28
13,12,42
20.86,13,20
12.6,12,15
57.7,21,43
13.88,12,46
6.25,12,10
19,12,44
7.5,6,17
8.12,14,31
11,13,20
14.85,13,5
23.4,18,15
17,16,32
33.75,12,15
22,9,33
16.2,13,10
11.51,12,17
13.85,12,33
14,9,27
26.25,16,13
17,14,38
11,12,16
24.47,13,33
9.35,11,16
6.7,11,43
18.5,16,25
14,13,6
29.57,13,16
8,12,9
43.1,16,38
14.43,12,14
14,12,43
50,18,33
24.05,14,25
34.84,16,20
24.05,21,28
11.11,12,10
14,12,35
33.66,18,15
50,18,20
24.05,12,21
33.65,16,30
3.94,16,5
23.65,13,22
3.75,12,39
12,12,16
20,12,21
38.9,18,28
30.1,12,9
28.51,13,20
40.88,16,28
9,14,5
48.08,18,21
28.38,13,27
21.33,12,25
13,14,29
22.3,18,9
17.09,13,41
24.05,14,33
72.13,10,18
8.25,12,22
20.2,12,25
7.5,12,46
22,12,10
17.3,16,9
12.82,8,53
26.45,16,32
30.35,18,14
6.15,12,20
36,16,28
25.64,14,15
11.95,12,41
17.3,13,44
12,3,40
19.23,16,41
30.46,13,39
11.13,12,35
12,13,53
13.33,12,12
24.67,13,20
14,13,12
14.4,13,25
28.38,13,40
12.17,16,5
8.33,12,7
40,16,14
13.71,12,25
21.63,14,37
21.15,14,18
30.28,16,38
9,16,6
12.5,13,6
12.33,12,13
38.89,21,11
38.46,16,36
19.9,13,30
6.5,8,22
19.38,13,22
34.13,16,42
21.97,16,37
32.7,13,39
21.63,18,40
34.88,12,16
25,13,35
5,16,9
5,12,27
6.25,12,42
10.5,12,15
19.13,12,22
14.9,18,47
6.35,12,29
21.16,16,10
45.27,16,25
10.15,13,27
10.6,12,24
38.45,16,44
17.62,12,13
15,13,35
14.25,12,8
16,14,39
10.23,14,32
72.13,12,37
8,12,30
26.93,13,31
15.8,13,24
21.33,16,10
25,16,4
17.3,18,13
15,13,21
10.5,3,28
7.26,6,61
19.18,16,31
13,12,33
15.88,9,25
18.75,18,31
25.48,11,33
6.25,12,45
50.95,16,11
57.7,16,30
14,10,33
23.55,13,37
19.23,13,20
6.15,13,52
12.74,12,9
8,12,48
5,13,5
13,16,17
16.54,13,16
20,13,30
13.75,13,41
14,12,23
4.33,12,33
32.2,13,42
35.08,21,24
5.85,13,12
12.03,12,32
19.81,16,5
14.38,13,41
37,10,43
10.19,13,44
37.5,16,36
15.76,12,33
28.41,13,45
31,16,8
21.63,14,8
11.57,13,43
38.45,16,48
27.88,18,28
24.05,16,39
36.05,21,38
32.3,18,29
19.23,21,30
9.5,14,16
10,16,4
16.83,13,8
14,13,29
12.03,12,29
13,12,16
28.35,14,9
57.68,16,18
11,12,35
32.7,14,36
52.45,16,39
22,14,21
7.5,12,28
23.13,16,12
21.35,12,22
15.4,16,18
11.55,14,8
33.65,16,15
14.8,16,10
26.75,16,40
20.28,12,31
90,21,16
36.05,16,16
14.05,13,9
31.62,16,37
96.17,21,45
13.29,14,8
23.08,14,22
7.51,13,6
14.29,14,30
36.05,16,39
12.75,13,11
27.88,18,12
25,16,5
30,16,34
10,9,17
19.23,16,29
9,12,33
49.5,16,32
8.5,12,46
30.3,16,37
8.1,10,46
34.63,18,25
25.48,13,33
18,12,13
22.29,16,9
20,12,45
18.7,16,46
38.46,16,26
15.17,13,40
12.5,14,6
11.92,13,7
26.87,18,37
8.25,10,39
5.48,12,29
21.25,8,18
19.23,13,40
11.4,12,7
5.93,12,37
23.08,12,27
12.42,13,35
25.56,16,42
8.25,10,22
9,16,10
34.6,18,7
11.65,13,28
16.56,13,29
52.45,18,33
15.88,14,21
11,12,7
34.27,16,26
14.43,16,6
15,12,36
17.5,12,34
24.44,14,19
16.67,12,12
47.58,18,21
15.88,16,20
20,12,33
14.43,16,14
25,18,11
13.23,12,12
9,12,12
11.4,14,20
23.07,12,43
19.23,12,38
12.82,13,45
23.08,12,31
13.75,13,37
46.16,14,13
10.9,13,14
19.23,16,45
19.23,13,14
42.22,16,11
21.25,13,12
25.85,14,29
8,6,13
10.5,16,3
19.22,12,34
17.3,16,38
16,12,25
19.47,16,11
9.5,0,70
7.5,16,32
14.43,16,37
41.96,21,11
8.75,14,31
9.22,12,32
19.5,16,37
12.5,12,12
11,12,11
16.5,12,15
29.8,18,12
20.55,12,27
9.68,13,30
11.53,18,31
14.77,14,30
13,13,12
9.4,12,28
15.77,14,8
4.86,12,8
23.78,12,35
11,12,41
31.64,14,15
33.05,16,24
9.8,12,29
15,12,41
10.5,14,22
7.5,12,33
21.11,12,21
15,18,9
34.63,16,28
31.22,14,33
26,12,24
24.62,16,14
10.44,13,28
31.25,18,45
23.55,12,43
8.65,13,31
8.5,8,28
16.83,18,24
12.76,13,12
10,13,15
7.6,13,10
7.7,12,21
9.41,16,38
8.51,21,23
18.5,13,22
24.43,16,38
21.63,16,25
8,13,8
17.3,13,20
23.31,16,35
7.81,16,27
12.33,13,16
16.98,13,23
16,16,23
31.25,18,32
3.75,9,25
18.45,12,17
15,12,38
46.14,16,36
10.5,16,7
23.51,16,29
27.5,14,37
20.73,12,39
16.8,14,33
16.63,13,10
20.15,13,34
12.5,14,9
19.23,16,5
3.83,12,11
10.35,12,12
25,12,36
15.63,12,34
13.5,9,38
15,12,31
32.04,16,17
7.63,16,3
26.45,16,41
11.65,16,48
17,12,24
8,6,31
12,12,12
40,16,19
20.5,12,35
25.02,18,38
30,12,38
15.94,12,28
9.78,12,23
4.05,13,9
19.23,12,34
20,13,14
34.18,16,39
21.43,13,8
15.28,13,35
11.49,14,17
12.5,13,29
12,14,28
4.47,12,37
41.83,13,47
29.91,18,12
8.75,13,6
11.28,12,12
33.8,14,45
16.67,18,9
23.15,12,23
20.43,12,48
19.56,13,31
33.75,12,29
12.1,13,10
12.3,13,19
57.7,16,13
9.5,12,43
17.78,13,39
31.73,16,7
20.78,12,49
10.22,12,40
12,13,9
18.45,12,37
11.78,13,36
9.23,13,11
12,13,27
15,12,38
13,13,37
23.08,14,26
10.85,12,40
48.89,16,30
31.25,13,13
16,16,17
28.85,16,23
15.38,12,39
21.25,16,41
48.08,18,20
17.8,12,37
5.78,14,11
10,13,17
31.25,13,35
20.19,16,3
9.5,13,5
22.6,16,7
14.4,12,12
14.71,11,10
12.5,13,15
36.52,16,31
12.75,12,8
14.4,16,18
18,10,39
18.28,16,5
47,16,27
17.81,13,21
10,8,14
8,12,30
19.23,13,17
13.46,16,10
31.25,16,52
10,12,30
8,3,17
13.88,13,41
37.5,14,50
7,9,54
17,14,10
6.86,16,8
77,16,29
5.54,12,33
14.38,12,32
50,21,5
17.28,13,5
11.85,12,65
13,14,27
8.29,12,34
28.62,21,25
15,16,16
40.6,21,13
34.63,16,16
10,8,20
11.55,12,54
12.6,16,6
8.48,13,23
9.85,14,23
27.88,18,32
16.25,12,33
24.08,10,21
50,16,28
30.78,16,27
20.45,12,23
63.45,21,27
26.9,16,34
14.76,16,10
8.57,12,8
72.13,16,23
31.73,16,38
10.5,13,11
11,16,4
7,12,7
17.5,16,19
7.53,13,6
27.76,11,48
17.1,12,37
32.57,16,7
15,13,30
12,12,30
9.52,12,35
11.5,12,36
57.67,18,34
22.13,16,12
12.05,16,10
17,12,15
8.59,10,45
7.25,12,7
8.25,13,23
9.89,16,30
9,6,40
23.08,21,43
12.8,13,45
48.55,18,34
17,14,30
20,13,38
28.85,16,26
20.2,18,12
31.73,16,26
21.63,16,29
10.52,13,7
15.88,12,14
16,14,17
46.24,18,36
14,14,19
20.58,16,28
19.23,16,12
9.1,13,16
27.96,14,13
46.16,16,27
14,12,30
31.53,18,32
16.83,14,12
13.33,9,19
36.06,11,25
19.49,13,40
12,10,28
12,13,33
17.09,16,20
20,13,10
21.63,16,25
11.25,6,31
10.75,12,29
10,12,32
45,13,45
13,13,9
25.76,21,20
26.25,18,13
26.93,18,37
13.93,16,15
25,14,9
9,12,25
37.5,16,30
8,14,59
22.22,12,10
8,12,11
8,12,29
26.45,12,21
12.03,12,24
19.77,14,24
9,16,20
12.18,12,30
30,21,27
17.2,16,22
17.3,16,37
3.15,16,38
28.85,16,27
9.85,16,16
9.5,8,50
19.95,12,37
31.25,12,34
15,13,25
32.68,21,34
24.62,16,32
13.45,13,27
36.55,14,29
14,12,45
8,13,5
24.05,12,47
14,12,16
19.23,14,11
9.5,12,8
14.76,12,36
16,12,31
9.51,13,11
42.3,18,19
43.5,18,26
30.9,13,28
15.38,16,33
19.87,13,20
43.85,16,9
16.45,18,21
11.55,13,51
12.03,6,46
3,8,64
3.33,13,51
23.55,16,24
12.75,10,31
10.9,14,15
19.75,12,26
3.33,16,19
28.85,12,19
38.64,16,20
31.25,16,30
12.7,14,28
23.65,13,42
33.05,13,15
48.08,18,41
40.88,16,13
24.03,11,11
20,11,14
31.25,13,39
10.67,14,35
35.1,12,24
9.24,6,22
12,13,12
19.77,21,33
15.38,14,11
33,14,36
14,12,32
12,12,31
8,13,29
8.75,12,11
28.85,12,43
22.04,12,42
8.65,12,45
31.14,14,34
20.68,12,16
40,13,17
26.92,12,30
25,16,3
19.23,12,19
24.33,12,45
41.21,21,24
12,16,27
17.7,21,19
35.33,21,20
31.58,18,18
15.85,12,39
19.23,12,24
10,12,40
9.5,12,31
24.05,16,12
6,16,24
10,12,42
38.45,14,35
14.88,13,13
20.93,16,9
20.6,12,22
16.35,18,11
23.08,12,32
44.44,14,25
19.23,13,44
12.5,13,6
13.78,10,40
1.5,12,21
48.08,16,26
4.67,10,35
16,12,41
24,16,20
10,14,29
6.25,12,66
24.03,18,17
26.45,16,12
25.48,14,18
10,12,25
40.07,21,14
31.25,16,16
29.62,16,17
7.5,13,5
9.5,12,13
17.3,18,22
8.75,13,40
7.14,12,20
9,11,29
18.75,12,22
13.33,13,6
38.45,18,28
7.5,13,47
15,13,22
37.03,16,43
15.11,13,35
13.93,13,27
15.38,13,38
19.75,16,18
16,16,23
28,12,13
15.38,16,13
24.05,14,21
28,21,18
14.43,13,49
20,16,6
43.28,18,30
33.68,12,34
53.84,16,36
19.25,12,24
8,12,8
20,16,19
24.58,12,15
18.75,12,30
3.65,16,14
21.5,12,30
9.58,14,43
9,12,18
31.25,12,28
6.5,13,9
29.8,18,32
6,13,5
26,14,29
20.98,16,18
26.66,13,21
5.71,12,25
30.3,16,24
5.49,12,35
17,12,23
12,13,35
23,12,34
10,12,57
31.6,14,36
10,12,41
51.9,18,43
8,16,6
6,12,14
30.76,12,30
24,12,7
7,12,8
14,14,37
72.13,16,33
57.68,16,13
6.9,13,26
17,13,26
23.84,18,36
8.6,12,26
12.18,13,26
7,12,8
19.23,16,16
16,12,32
24.03,13,29
19.25,16,9
15,12,47
15,12,46
25.95,13,11
14.43,12,37
20,12,35
10,12,14
7.4,14,12
39.43,13,26
34.96,18,44
19.05,8,24
9,12,9
7,8,27
24.05,18,21
14.43,18,23
48.84,21,30
7.94,12,20
23.84,12,43
10,18,56
11.19,12,25
10.5,12,28
48.08,14,32
18.75,18,31
18.75,18,12
9,12,19
21.48,12,33
15.38,16,34
26.04,13,33
16.83,12,21
8,13,5
12.38,13,7
27.03,14,32
7,6,35
14,13,13
7.5,13,49
20,16,38
16.18,16,24
10,13,28
25,18,34
23.07,14,17
22.5,16,27
2.83,16,4
38.86,14,37
19.95,16,14
48.08,12,38
16.96,12,32
7.13,12,6
14.24,12,37
18.14,16,13
16.25,16,34
72.13,18,39
16.49,13,34
17.8,13,11
18.75,16,10
18.75,16,11
34.18,16,22
13,12,25
6.9,12,32
25.5,16,29
6.94,12,13
30.76,14,29
20.18,12,39
16.33,16,19
24.05,16,28
24.58,10,36
20.58,16,41
9,14,8
21,12,29
12.61,13,14
5.83,13,17
14.4,16,4
10.94,16,9
2.55,21,20
21.15,18,8
27,14,38
40.88,16,14
11,12,8
15,12,29
24.05,16,3
15.76,13,11
21.51,14,12
7.54,14,4
19.23,12,43
23.75,12,21
48.08,16,31
30,16,21
40,16,22
14.9,12,23
24.03,12,23
25,16,6
15,12,30
12.5,16,13
18,12,32
9.85,14,32
21.16,11,29
11,10,22
28.38,12,35
12.5,12,50
12.58,16,18
16,13,17
15,13,10
47.03,21,18
12.5,14,5
19.1,12,39
35.58,21,30
10.24,12,35
21.63,16,12
17,13,5
13.75,12,10
17.3,13,21
10.67,13,25
16.83,12,30
24.5,12,10
11.08,12,17
6.95,12,44
31.25,21,33
9.51,12,49
31.54,16,49
43.75,18,21
17.5,16,24
61.53,13,41
18,12,7
28.83,14,20
18,13,40
12.5,12,15
20.33,14,41
28.46,18,13
25,18,15
13.45,12,34
14.76,6,29
7.14,12,41
12.03,12,44
9.5,12,24
4.22,12,24
20,12,10
67.3,16,18
14.89,12,55
15,8,22
31.73,18,29
27.7,12,22
45.65,16,41
37.5,13,25
6.25,12,37
10.71,8,36
7,12,32
38.45,18,32
8.35,12,8
9.11,12,45
19.22,16,6
8.65,12,45
12,13,35
45.33,13,24
11.06,14,35
21.16,16,17
10,12,41
8,12,10
19.24,21,6
27,16,9
11.27,12,12
25,14,35
27.25,12,40
19.05,13,33
39.23,18,42
51.67,18,34
15,13,21
36.06,21,13
9.8,13,11
13.45,13,25
12.5,12,37
10.35,14,20
22.92,16,43
21.31,14,30
13.95,12,43
34.63,16,40
32.68,16,9
15.38,21,6
34,13,32
17.3,16,12
22.22,12,15
44.87,18,35
9.61,12,50
14.5,11,39
11,8,24
8.65,13,44
31.25,14,37
24.05,16,19
31.25,12,49
15.88,16,24
12.62,12,26
17.6,12,14
25,16,17
28,13,30
11,12,6
24.05,13,29
15.4,18,15
1.14,16,38
8.52,12,28
8,13,5
12,12,34
7,13,5
9,16,4
21.38,16,30
8.33,16,6
48.08,18,33
26.92,16,5
14.25,14,50
8.25,12,27
16,16,35
10.76,16,15
9,12,33
31.25,16,17
27.35,13,48
9.63,14,5
19.23,12,41
26.49,16,17
15.48,14,17
17.2,12,32
11.2,12,33
22.43,16,9
34,12,26
33.5,12,19
7.5,16,11
72.13,21,21
24.42,16,43
17.3,16,23
13.75,16,15
10,12,25
10.67,12,26
9.63,12,31
20,9,14
24.05,18,45
18,12,28
18.4,16,34
24.03,12,29
13.93,13,44
18.55,16,13
19.88,16,31
20,12,30
27.13,14,21
7.45,13,14
13,12,15
14.43,16,41
11.5,12,37
12.32,12,39
26.93,21,41
13.75,14,43
9.5,14,5
20.5,16,16
7.5,12,20
9.5,12,33
16.73,16,7
23.5,18,43
28.85,18,14
10,6,51
7.3,16,7
48.08,18,37
15.63,12,31
4.79,12,43
9,12,6
12.03,14,10
21.63,18,40
20.5,12,22
41.35,16,39
30.23,12,48
18.25,18,3
24.05,18,13
10.5,12,41
8,13,21
11.93,16,4
14.75,14,31
28.85,13,35
20.78,13,40
16.25,16,14
21.14,12,38
15.38,12,10
21.93,16,39
36.05,13,17
11,12,40
16.83,16,4
14.95,18,6
26.08,13,31
13.5,12,10
15.38,13,16
9.63,13,24
19.2,13,15
13.5,12,37
23.93,18,24
17,13,5
23.08,13,22
72.13,13,22
23.8,12,25
67.3,13,44
3.47,16,39
21.63,16,12
17.8,14,18
20,14,34
24.75,13,15
42.3,18,35
9.27,12,54
10,13,22
29.73,16,19
24.73,12,18
13.45,13,19
11.11,12,29
25.95,16,35
34.96,16,8
22,12,50
12.77,13,42
8,13,5
15,12,37
15.38,18,5
25.38,16,27
26.5,12,33
14,12,6
28.08,16,31
12.25,13,9
14.29,12,36
57.7,16,21
31.25,16,32
13.8,12,42
37.5,16,32
10,16,8
41.67,16,30
3.7,18,49
72.13,16,20
38.45,16,14
20.2,12,23
33.08,21,30
33.65,21,31
10.25,13,15
33.65,18,30
8,12,27
14.43,13,48
8.13,21,15
34.72,14,36
10.5,12,9
15,12,29
13,12,9
22.5,12,34
13,13,13
14,12,26
11.6,6,33
17.5,12,19
10,12,45
17.5,16,19
30.78,16,44
5.5,12,36
9,14,7
15.13,21,31
12.82,12,21
18.25,14,19
31.25,16,6
9.75,12,18
5.21,16,20
16,11,25
12.68,14,25
36.06,21,32
13.75,12,23
8,12,48
17.68,14,27
10.73,13,50
10,12,8
28.85,18,35
57.7,16,18
19.23,13,35
14.68,12,35
10,12,8
12.22,16,19
16.5,16,33
9,11,11
5.2,16,20
13.31,12,13
12.03,12,11
7,11,34
15.25,16,32
31.25,16,10
16.83,12,17
34.6,16,7
15.15,13,38
30.45,16,13
12.83,16,16
15.5,12,42
12.5,12,39
9,12,41
11.2,12,20
17.3,14,11
24.05,16,25
23.08,16,5
31.25,13,12
12.43,16,15
8,13,43
4.38,13,34
8,12,35
8.25,9,19
10.46,12,23
14.25,14,6
14,12,43
37,14,28
11.5,18,27
26,18,42
15.16,8,39
28,12,30
20.2,13,40
8.3,12,10
28.46,18,38
48.08,18,24
21.9,16,2
32.68,16,9
35,18,9
13.25,14,29
15.54,18,30
18.5,12,29
25.45,14,35
25.64,16,15
21.63,18,28
16.98,16,31
25,18,18
12.75,9,32
26.98,12,32
9.35,13,42
15.25,16,38
24.46,16,28
8,12,7
28.1,16,22
12.7,12,15
23.55,12,40
18,12,30
67.3,16,33
12.5,12,15
20,16,15
25.69,13,6
23.75,14,15
12.2,13,26
9.28,12,46
11,18,23
27.88,16,25
18.75,16,35
4.8,16,3
17,14,39
11,16,33
19.75,16,17
18,12,14
16.83,12,46
9.25,12,45
30,18,22
12.75,11,29
26.04,13,30
11.5,12,17
8,10,16
16.75,13,15
72.13,16,27
14.9,12,41
12.45,12,10
16.65,12,29
15,12,8
34.88,16,13
61.38,21,32
12,9,40
47.12,16,30
13.33,13,45
13.95,12,32
20,18,5
16.83,16,13
8,13,6
10.1,6,16
17.88,13,9
20,12,11
15,14,27
60.1,18,46
12.5,12,45
9.25,9,31
21.5,13,31
17.7,16,20
16.25,18,38
15,13,35
8.27,16,29
13,13,48
16.33,16,35
10.58,6,17
38.45,14,35
25,12,39
25,12,26
20.51,18,30
31.25,16,21
14,12,18
16.4,16,14
13.4,12,21
25.48,21,44
19.87,18,29
32.7,16,40
8,13,5
5.53,12,32
7.38,9,51
7,16,4
37.63,14,30
9,11,10
29.91,16,42
5.78,9,31
5.63,12,13
8,10,50
15.71,18,10
16.03,16,30
18.63,13,37
22,16,34
39.5,16,20
17.3,18,12
17.36,12,39
9.23,14,28
41.35,16,25
9,12,8
16.25,13,32
15,12,31
17.3,14,9
15.88,10,35
41.67,16,15
13.88,13,5
23.95,16,33
50,16,24
45.2,18,51
8.25,14,19
13.45,12,10
32.04,18,35
13.75,16,11
16.16,21,12
12.03,10,22
12,12,20
14.02,12,39
15.5,13,34
20.68,13,32
19.22,12,41
10,13,6
12.5,12,42
48.08,21,7
12.38,12,43
14.88,12,8
37.5,16,28
17,13,28
9.78,13,6
16.38,12,34
11,13,9
14.75,12,12
17.68,13,30
19.23,12,44
9,11,13
38.51,16,22
24.05,16,38
48.08,18,32
33.51,16,15
7.5,12,20
11,10,34
9.47,12,47
32.07,16,25
20.18,18,38
19.24,18,11
19.8,12,34
25,14,11
12.7,16,27
27,12,25
10,12,7
8.33,10,42
14.63,14,25
16,14,4
29.91,16,19
7.69,13,6
20,11,19
37.6,14,40
7.25,13,6
20,18,27
17.56,12,29
25,12,22
32.04,13,31
9.7,12,6
13,13,31
26.07,12,42
9.88,12,42
16.6,14,36
27.5,13,37
31.62,18,36
9.45,12,29
16.88,9,25
15,13,7
33.65,14,28
173,14,38
14.87,12,27
24.05,18,16
12.5,14,32
9.15,11,38
34.63,16,24
16.49,12,28
11.05,14,19
8.75,3,45
8.5,12,15
9.33,12,40
43.28,16,31
28.35,16,26
12,9,23
11.43,21,8
15,16,13
15,14,37
20,13,41
6.73,12,11
14.38,14,18
31.25,18,17
8,13,11
11.55,12,21
35,14,29
26.4,16,39
8,13,5
7.26,12,20
10,13,9
36.55,14,31
17.08,13,23
27.5,12,32
6.93,13,19
30.58,18,13
37.5,18,34
24.05,18,15
24.05,16,15
24.53,14,19
14.03,12,50
18.75,13,32
12,12,11
14,18,38
15,12,10
23.1,16,39
10,12,52
13.33,13,13
6.67,16,30
24,16,28
16.83,13,12
7,12,43
28.85,16,6
20.5,12,30
21.63,12,39
48.08,16,32
30,16,25
72.13,13,34
20,16,25
14.9,16,5
7.2,14,17
10,14,7
8.51,14,22
23.4,18,22
20.48,12,23
16,14,37
10.93,16,19
20,12,41
17.67,12,38
7.8,12,45
38.08,12,35
11.5,8,37
11.19,12,37
21.35,13,9
15.75,13,15
13.58,16,28
8.2,12,37
6.53,8,49
10.5,8,45
18.75,12,29
17.38,16,29
7,12,39
13,14,29
13.35,12,15
10.49,13,25
42.3,16,19
57.7,16,19
12.03,12,22
43.28,16,21
11.5,12,34
8.75,12,22
9.6,18,8
25,12,47
25.95,21,12
31.18,16,22
28.83,18,18
19.22,16,15
11.35,11,8
25,12,30
12.13,13,15
19.23,14,19
17.78,12,7
8.79,21,45
14.62,12,57
42.73,21,30
16,12,38
12.7,16,19
25,16,43
22,13,24
34.62,13,37
28.83,12,46
11,12,13
24.5,13,7
21,12,24
20.68,13,38
7.5,9,15
13.45,12,37
10.75,16,7
14.08,13,24
9.27,12,33
17.8,16,10
14.5,14,22
19.23,12,41
26.45,18,18
24.05,16,20
26.45,12,23
14.75,11,14
22.6,6,68
15.5,13,20
11.5,12,37
13.09,13,11
31.16,21,26
53.75,21,35
33.65,16,25
10.63,16,25
8,8,12
10.76,16,14
10.81,13,26
19.23,13,41
16.83,18,20
22,14,11
18.36,14,43
13.98,18,12
8.61,13,39
12.84,12,40
13.5,13,6
19,16,37
27.88,13,14
15,16,28
57.7,16,30
11.25,12,32
36,12,31
11.58,14,22
17.3,12,20
7.2,16,26
11.05,14,40
23.07,16,25
7.5,13,7
23.08,16,42
50,18,19
13,11,20
20,13,32
9.51,16,8
13,13,30
2.5,6,30
12.03,12,24
12,11,10
24.6,16,6
6.21,16,14
27,12,33
6.43,10,50
24.05,18,14
12.7,16,10
21.33,14,28
55,16,45
8.5,12,12
42.3,12,19
15.38,12,33
28.83,16,19
18,14,34
38.46,16,28
9.75,12,33
9.5,13,6
8.25,12,19
60.1,16,28
8.3,21,33
22,14,42
22.22,13,21
48.08,21,14
10.38,12,16
23,14,14
9,12,33
44.23,12,22
14,14,41
12.25,14,22
13.05,16,5
9.24,16,12
32.7,18,16
21.16,13,28
10,10,25
26.55,16,28
7.63,6,55
33.33,14,23
17.3,16,17
19.62,13,35
38.5,13,23
12,13,37
39.75,16,27
9.23,18,49
10,12,6
29.05,16,12
10,12,31
13.97,14,40
13,13,8
19.33,12,15
16.83,16,3
5,11,36
10,14,26
47.8,16,37
18,10,44
9.23,12,38
31.25,18,19
12.58,12,13
14.4,12,20
41.21,16,17
13.46,13,15
37.22,14,9
20.4,16,9
15.65,10,27
24.05,13,32
5.26,10,22
15.38,16,16
6.25,9,61
16.25,12,22
33.65,16,38
6.36,16,7
33.65,21,34
26.22,16,11
12,13,6
17.55,14,31
16.16,16,19
8.66,16,28
17.3,12,19
10,13,10
17.3,9,49
57.68,16,21
23.55,18,38
19.88,16,27
7.51,13,7
6.73,12,12
7.85,12,43
13.45,12,33
9.63,12,8
19.23,14,25
49.05,13,39
37.5,13,21
31.3,16,22
18.1,12,21
20.62,13,38
16.58,16,5
14.43,9,25
12,14,24
16.49,14,8
15.2,14,21
28.83,16,35
15,12,28
8,14,41
17.96,16,5
19.38,14,12
32.7,18,20
57.7,16,24
15,16,13
9.33,13,52
9.62,13,10
23.08,16,33
25.48,21,17
32.68,16,17
13.85,12,11
38.27,21,22
14,13,9
13.75,13,14
10,21,42
43.27,21,22
11,8,23
14,13,21
12.5,6,52
16.24,14,37
19.22,18,11
21,12,28
9.15,12,64
28.5,16,21
11.5,13,38
10.08,14,7
5.73,3,42
12.5,13,6
24.78,13,12
23.55,16,14
19.23,16,22
16.02,12,30
13.23,16,12
64.11,21,14
6.88,13,11
27.78,16,38
32.91,16,16
9.6,12,54
10,13,30
7.5,13,6
16.67,13,14
48.08,13,34
30.13,16,54
51.56,18,38
27.7,14,36
13.25,11,26
29.45,14,11
14.4,16,39
14,6,33
7.5,11,23
18.13,12,36
15.5,14,22
10.25,6,40
20,13,42
16,12,12
30.56,18,10
16.75,13,23
33.65,12,30
15,12,14
12.75,12,16
16.63,13,36
8.5,10,41
16.63,13,44
27.88,18,23
23.33,16,28
19.23,13,31
19.23,12,11
6.73,12,6
25.95,12,44
8.75,12,10
9.13,14,14
17,9,18
9.38,12,52
8.81,12,26
27.4,18,31
25.5,16,21
10,21,21
21.63,18,19
9.63,12,35
14,9,34
14.4,21,14
31.25,13,28
14.88,16,16
27.96,16,11
14,12,28
3.67,16,42
10,13,6
40.88,16,27
20.68,16,19
39.43,12,39
25,12,25
11.75,12,14
16.18,16,39
15.75,14,18
40,16,8
57.7,16,31
9.45,14,28
30,12,40
25.95,18,16
8.74,13,9
10,12,18
8.8,12,60
24,10,28
45.5,16,22
20,16,19
13.75,16,35
18.45,12,43
25,16,11
10,16,14
25,13,37
35,16,18
50,10,31
10,13,23
18.75,14,13
11.5,12,35
12.83,12,33
25.7,13,14
14.25,12,16
12.5,12,35
15.15,13,31
8.2,13,9
8.5,10,20
10,12,11
14,13,26
15.25,13,17
16.4,12,47
12.25,14,5
7,8,11
7.5,6,31
27.5,12,37
13.75,12,12
36.05,16,14
15.71,12,30
29.08,13,26
21.16,14,27
14.4,12,45
18,12,27
15.38,18,14
38.45,14,24
29,13,31
10.5,8,23
15.33,13,5
16,9,26
21.15,16,19
8,13,24
36.8,18,45
26.92,16,19
25.63,18,40
30.43,16,38
8.08,13,7
16.5,13,7
1.97,16,20
14.4,13,7
9,12,60
6,12,41
6.92,14,41
8,14,5
34.62,13,17
8.57,12,43
15,14,13
20,12,33
14,12,18
7.35,9,36
9.1,14,11
13.51,12,32
10,14,4
10.9,11,26
15.35,11,8
38.63,16,41
9.3,13,5
11.41,13,21
11,12,34
25,12,21
2.69,12,7
10,12,31
38.24,16,38
23,16,7
100,18,46
13.06,13,17
36.52,16,24
17.93,14,20
53.57,18,31
7.22,10,20
12,16,8
15,12,26
25,21,15
28,12,35
16.35,12,36
29.25,18,21
23.08,13,22
28.84,18,33
19.1,12,10
31.1,16,38
17.5,12,34
37.03,18,36
14.6,12,15
25,16,31
8,14,39
38.73,16,40
15.25,12,27
12.58,13,7
17.7,16,39
8,13,9
29.33,12,35
12.85,13,27
12,16,25
15.63,12,36
9.15,14,17
18.24,18,11
11.53,16,17
10.71,12,23
14.9,16,38
24,13,41
25,18,28
12,11,32
13.8,12,10
16.33,12,47
8,12,15
49.46,16,8
22.5,11,20
12.05,12,15
15,13,13
42.3,18,20
15.25,14,20
24.15,13,24
53.84,21,16
16.98,13,12
18.28,16,10
20,13,37
32,11,36
57.68,14,38
8.83,13,12
21.7,12,29
10.58,6,23
13.33,16,29
13.93,21,5
33.75,16,31
16,14,25
46.63,18,28
19.7,16,5
57.7,16,32
20.02,18,9
12,13,42
26.45,13,31
31.18,16,39
25,16,14
10,13,42
41.83,21,16
8.59,13,28
20.96,16,39
19.62,14,16
14.94,14,23
12,13,12
57.68,18,20
13.64,12,40
41.02,16,34
21.25,18,26
19.23,12,53
52.45,18,37
11.05,16,5
22.13,16,15
31.25,13,15
26,8,39
12,12,34
13.5,14,11
15.88,13,25
50,21,28
23.08,12,23
19.13,12,33
53.84,18,41
5.75,12,14
20,13,29
21.63,18,22
10,12,37
24.53,13,30
9.35,13,5
11.83,13,7
22,12,17
6.25,12,28
13.55,16,8
15,13,7
26.49,18,22
16.25,12,31
41.21,16,36
14.78,16,26
15,14,48
8,16,58
11,12,22
43.28,14,42
6.25,8,58
18.75,18,46
12.75,11,21
20.76,13,27
8,13,50
48.08,16,22
27.93,13,40
8,14,33
16.25,16,33
37.5,21,31
17,14,35
14,12,11
50,18,50
10.5,12,23
39.38,16,19
19.38,16,59
6.4,13,35
14.43,13,18
11,12,13
22.67,14,7
11.67,12,36
29.38,18,38
16.67,13,39
22,14,40
13,12,26
46.16,16,19
10,12,14
21.16,18,38
32.97,13,29
17.49,14,16
37.96,18,18
14,12,29
7.14,18,6
7.5,6,24
13,12,28
24.05,13,33
11.11,16,6
8.75,13,6
16.16,12,22
8,9,15
25.88,13,12
12.25,13,6
32.85,12,32
8.77,12,25
41.03,13,38
10.2,12,26
57.68,16,29
11.5,13,37
9.5,14,7
20.83,18,40
37.08,21,37
17.3,14,17
19,14,34
19.77,12,32
8.95,12,29
24.04,21,16
13.85,16,41
9,13,5
52.88,18,45
9.5,12,30
25.29,14,22
8.65,13,13
25,14,34
17,14,15
26.93,18,39
12.18,14,27
43.28,16,22
10.75,13,32
13.65,12,27
21.29,12,38
47.06,14,27
20.18,21,32
12.75,12,28
20,18,20
2.3,13,18
25,16,36
38.45,16,37
9.23,16,31
20.2,13,57
27.88,16,32
19.17,12,57
27,18,32
19.23,12,33
23.51,16,27
10,12,14
37.5,12,39
12.66,16,24
9.54,13,21
8.7,12,44
23.06,18,8
40.07,13,16
6.75,13,5
12.71,12,48
5.77,8,34
13,12,33
11.56,12,25
9.85,13,37
15,12,28
9.23,16,34
21.38,13,20
9.23,12,39
24.05,13,17
7.81,12,31
22,12,28
17.3,13,26
11.53,16,28
11.3,12,12
14.95,16,8
11.5,13,36
8,12,6
12,16,34
15,12,28
27.98,18,37
44.91,12,46
16.35,16,13
30,13,44
10.59,12,39
21.33,12,32
20,12,31
32.04,12,39
10,12,31
13,3,41
12.95,12,32
25,13,24
12.03,13,34
26.45,16,18
14.25,16,43
12.5,9,24
12,6,27
25.63,16,30
19.23,16,17
12,14,32
19.23,16,41
12,13,8
10,10,14
96.17,21,47
25,12,23
22.25,14,19
33.65,14,25
17.1,13,43
31.25,13,27
32.7,18,34
7.25,12,30
7,6,59
8.5,12,28
28.18,12,7
22.4,16,17
31.25,12,39
16.83,13,15
21.63,13,43
10.3,12,42
28.35,16,20
13.71,12,32
17.33,13,41
26.45,16,11
35,16,22
12.03,13,34
12.2,16,18
36.38,18,41
16,12,17
23.95,18,30
7.5,11,26
20.83,16,44
23.08,13,41
12,14,26
10.63,13,53
5.14,3,19
8,14,18
23.13,16,40
26.25,16,12
20.75,16,26
8,16,28
27.68,18,34
8.5,12,50
12.75,13,11
11.95,16,9
37,16,33
17.69,16,47
16.88,16,5
12.5,16,22
21.76,12,50
15,16,5
21.15,16,8
8.53,13,6
39.57,12,25
6.25,21,10
10,16,23
16,16,12
9.3,12,15
9.5,12,31
5,13,9
8.5,6,48
14,12,49
21.78,12,37
23.75,18,9
23,16,5
10,16,22
19.23,12,10
11,12,30
18.28,14,34
11.6,12,6
16.81,12,18
13.84,14,22
35.08,16,8
30,13,41
11.19,12,36
13.75,16,8
29.9,14,23
10.51,13,37
17.8,16,34
17.3,12,17
15.38,12,36
15.53,13,31
19.23,12,24
6.67,3,23
17.3,14,11
16,14,15
50,16,35
7.15,12,20
15.38,12,32
7,12,15
46.23,12,47
39.33,13,29
11,13,7
11.9,9,19
25,14,48
7.5,13,18
12.5,12,36
21.31,12,51
37.5,16,35
21.15,14,21
22.48,13,33
20.38,16,39
4.17,11,21
17.28,14,12
31.54,16,30
8.53,12,17
10.69,11,34
31,16,18
10,11,13
10,12,37
19.23,12,23
10.51,12,37
27,14,32
18.75,16,17
10,6,26
12.26,13,14
29.11,13,42
13.03,14,39
21.33,18,23
18.47,14,40
16,13,17
12.5,12,13
11.55,16,23
8.5,16,50
15,16,27
50,12,36
28.84,16,25
12.5,12,39
31.25,14,34
42.72,14,34
14.55,12,16
16.35,13,31
18.6,14,43
14.43,18,34
17.93,13,16
12.77,16,34
13,16,24
10.28,12,44
8.78,12,23
12,12,11
12.03,13,17
23.33,12,39
22,12,16
8.96,12,8
20.68,18,18
22.22,13,20
17.5,13,34
16.35,13,43
10.63,12,25
9,12,44
34.63,18,39
9.63,12,30
19.23,12,40
11.25,12,32
14.69,18,30
16.83,18,28
18.5,16,25
29.33,12,27
41.51,12,22
13.29,14,26
17.49,16,29
10,12,34
12.43,12,29
8,16,11
14.95,13,38
52.7,13,35
57.68,21,42
21.25,12,11
26.63,14,12
62.5,21,12
12,14,9
12.5,12,21
30.46,13,41
16,13,7
15.03,14,36
7.5,6,36
31.25,13,44
27.5,14,32
23.08,13,41
21.63,16,37
25,16,26
8.25,14,15
12.03,16,38
8.03,16,8
9.8,14,20
26.67,13,28
13.75,12,23
11,12,32
26.97,16,12
20.68,13,25
12,12,36
27.78,16,16
11,14,31
20,13,31
24,13,24
13.85,13,43
25,16,27
10.09,12,33
32.7,16,42
9.75,10,25
23.69,21,21
25,16,34
26.45,12,12
13,12,65
20.96,21,21
23.4,12,38
25.48,12,26
16,12,12
11.55,21,17
8.75,12,23
14,13,48
28.85,14,10
12,12,28
14.43,16,19
10.1,12,16
50,12,27
13.33,16,12
50,16,33
24.05,16,27
25.87,12,33
20.27,16,7
14.43,12,8
18.28,12,31
14.76,21,42
28.85,16,13
15.95,12,27
17.25,16,32
8.52,12,8
8.66,13,28
12,13,36
9.63,12,15
16.83,13,30
21,13,27
16,12,37
10,18,30
15,13,37
9,13,17
10,12,34
11.88,12,62
40.6,16,11
9.71,13,28
16.5,14,7
38.46,21,43
20.98,16,30
15.63,18,37
8.75,12,6
21.63,18,37
9.5,16,46
16.75,16,23
57.7,16,20
8,13,42
20,16,13
19.23,16,7
15.9,13,62
20.64,14,19
59.82,18,32
42,16,24
12.92,3,43
20.2,16,32
14,12,40
39.43,18,25
16.83,12,43
12,12,21
17,14,41
9.38,12,60
53.84,21,18
8,13,13
7.88,12,30
8,13,56
8,12,28
8,14,32
15.79,16,31
41.21,18,22
15,16,21
22.5,16,5
21,14,22
23.06,12,47
31.25,16,24
23.55,18,29
10,12,28
21,12,26
7.19,12,43
18,12,46
35.65,18,22
33.66,16,35
31.25,16,35
9.57,12,38
23.96,12,12
7.5,12,15
21.63,13,22
11.2,12,20
13.27,21,1
43.28,21,23
5.76,13,5
13.5,12,23
12.95,14,6
31.25,12,42
32,18,25
12,12,40
19,13,12
20.67,16,25
36.05,14,18
19.23,16,33
8.75,12,27
21.15,16,7
8,18,11
12,12,22
9.5,12,11
41.67,14,17
48.08,16,21
10,14,9
10,14,11
16.49,12,37
14,14,11
10,14,4
9,16,36
9.24,12,30
16.25,12,37
20.2,14,23
42.3,16,29
8.5,6,47
34.18,18,16
82.43,16,24
8.75,12,25
8.8,13,8
10.77,16,26
24,16,11
17.5,16,8
19.23,16,10
25.63,16,31
10,12,37
15.38,14,31
14,12,60
12,12,44
31.25,16,33
18.03,16,24
28.85,16,23
24.7,18,12
29.62,14,19
33.65,12,30
8.52,12,6
13.45,14,16
31.25,18,40
9.65,10,13
10.73,16,30
9.52,10,31
12,13,40
26.67,12,21
29.8,18,23
16,12,14
14.44,12,19
17.78,18,13
19.24,16,18
44.45,18,30
7.9,13,8
42.78,18,39
7.2,13,29
13.76,12,25
10.65,12,31
14.9,16,3
9.63,14,7
25.48,16,21
21.93,12,46
7.5,10,35
9.09,12,32
10,13,21
9.85,18,8
12.98,12,30
7,14,38
34.63,14,43
32.2,13,42
19.24,16,12
17.63,12,13
23,13,37
15.06,12,13
13.33,21,6
26.43,16,38
20,16,4
13.45,12,15
7.14,8,22
15.38,13,7
24.44,13,14
10.63,12,8
10.29,12,37
46,16,28
10.58,13,42
31.25,18,8
33.65,13,23
47.6,12,36
14,16,5
39.62,14,22
9.38,12,29
24.05,16,12
12.25,13,21
12,6,26
22.5,16,7
10,12,37
26.45,12,30
9,14,11
33.65,18,12
30,13,13
20,13,36
27.4,16,34
21.63,13,27
20.68,16,6
15.38,13,31
5.75,12,12
10.5,12,47
16.25,16,36
17,13,24
21.28,18,39
3.94,8,14
13.33,12,12
16.5,14,25
10,12,48
18,12,10
7,12,21
30,16,31
12,9,24
24.4,12,33
16.5,18,19
16.29,18,47
48.08,16,38
7.06,12,22
18.75,12,24
19.18,16,35
16.8,14,38
23.93,12,43
16.35,18,26
21.78,12,14
15,12,25
53.75,12,34
9.13,12,37
23.08,16,12
8.78,14,21
16.63,12,34
9.38,13,8
20,13,39
42.5,13,34
27.49,16,6
44.05,16,22
9.47,14,36
15,16,35
29.74,18,36
9.51,13,10
10,14,17
27.87,11,13
13.17,16,10
14,12,19
17.4,12,49
26.92,16,11
28,12,38
28.6,12,32
37.77,12,29
15.5,12,20
16.5,13,41
43.28,16,23
12.5,14,39
9.25,12,41
7.27,13,25
11.85,13,48
43.28,16,22
16.25,16,44
18.31,12,44
17,13,35
6.25,12,6
8.4,11,22
7.71,18,23
33.65,12,11
18.06,16,11
9,14,33
26.45,12,19
30,12,15
37.5,14,28
37.18,16,30
19.23,12,28
10.53,13,17
52.88,18,28
27.85,18,40
14.81,12,32
8,12,7
39.9,16,23
28,10,43
22.6,21,10
16.63,13,22
10,14,7
14,6,30
21.75,12,23
18.3,12,31
15,16,6
6,12,47
18.23,12,26
5.25,16,11
53.75,16,38
9.29,16,28
14.43,12,12
9.63,16,11
28.6,13,36
13.23,14,26
19,12,45
14.43,12,22
25.95,12,41
16,13,42
45.68,16,15
63.36,18,9
6,12,10
34.6,16,44
8.2,12,26
7.33,12,7
18,16,23
11.67,14,14
18,16,38
13.5,14,4
10,13,56
15.25,12,39
15,13,30
16.5,12,39
20.73,13,32
26.92,21,35
10.58,16,36
9.8,13,12
13.85,14,25
19.23,12,34
31.25,16,9
20,16,29
8.65,16,8
11.22,13,18
36.05,16,12
22,13,14
17,12,49
8.26,6,37
35,18,10
3.33,16,39
16,14,10
12.5,12,35
15.07,18,27
26.25,18,17
17.5,14,35
27.46,18,38
20.15,16,37
10,9,22
7,12,32
8.65,16,41
14.11,16,22
13,12,44
28.83,16,15
16.83,12,35
27,12,25
32.96,21,37
19.25,13,7
16.65,14,40
10,14,5
20.1,12,32
34.42,16,19
25,16,18
10,12,39
23.1,14,37
11.3,13,34
38.45,14,19
12,13,27
30,14,32
11,12,22
46.63,18,34
12.98,12,21
15,12,30
7.2,12,30
14.45,13,25
26,18,36
9,12,12
8.5,12,17
21.63,18,8
12.5,16,46
6.25,12,23
37.04,13,38
16.35,6,53
17.05,12,49
15.5,16,6
30,16,19
10.3,12,19
8,12,32
10,12,41
24.4,12,37
33.13,16,9
24.05,12,26
12,12,23
13.33,12,44
8,12,40
21.15,14,25
9,13,8
23.85,14,9
8.5,12,21
12.9,18,9
25,14,36
14.53,13,15
24,16,13
10,12,40
25,13,9
15,12,15
12.5,12,10
12.88,14,35
25.95,13,20
15.38,12,21
27.5,13,10
14.4,13,35
17.5,12,39
19.77,13,32
16.83,16,29
35.58,16,15
18.35,12,33
13.33,13,34
17.5,13,6
14,13,8
14.67,12,7
19.23,12,20
8.4,12,54
8,9,17
18,12,36
16,12,18
15,11,37
21.63,16,34
14,16,20
12.03,12,8
12,12,32
7.34,12,12
12.6,12,47
13.58,12,27
48.08,16,15
32.13,14,29
10.45,12,32
13.45,12,30
12,13,35
13.5,14,8
10.5,12,9
60.43,16,21
20.14,18,24
8,12,36
22.86,16,25
16.25,14,28
12.88,12,26
26.56,18,17
22.76,16,15
30,12,35
9.5,13,11
14.42,12,50
31.92,13,38
10.95,12,44
18.45,12,40
19.23,18,37
18,14,10
12,16,20
26.55,18,36
10.35,12,6
11.43,12,28
14.43,13,41
7.25,9,11
15.87,16,10
12,13,22
21.63,18,8
12.38,18,35
46.71,21,33
22.1,16,33
32.97,13,46
6.94,13,26
12.5,13,12
15,13,11
18.5,12,29
16.55,12,22
16.7,12,34
8,16,35
37.5,16,20
33.05,12,45
18.37,14,37
10,12,14
9,16,38
25.6,16,13
48.08,16,46
10,16,27
41.96,16,9
19.5,13,40
21.25,18,16
10,12,35
24.05,13,18
16.83,13,43
14.9,13,28
39.73,16,22
17,16,7
31.25,16,14
36.05,18,20
15,16,32
28.46,16,12
27.4,16,38
17.68,13,36
16.33,16,7
19.23,16,30
12.5,14,19
41.33,12,46
37.03,16,33
6.67,12,34
41.03,16,40
10,13,11
15.68,16,29
40.43,16,9
12.5,13,39
19.23,16,5
28,21,32
11,12,16
13.85,13,6
35.25,13,32
15,14,28
19.24,16,43
14.6,16,39
8.18,6,20
29.04,14,43
10.25,12,16
10.5,8,26
8.6,13,6
8,12,7
8,14,30
21.63,12,45
10.1,10,21
10,12,21
10,8,41
16.35,12,30
37.51,18,30
18.45,16,20
12.4,12,25
62.5,21,38
6.98,12,29
19.24,16,12
21.63,16,10
11.25,13,28
15.5,14,42
8,12,8
38.08,14,28
11.9,12,20
34.6,21,21
24.03,13,24
14.43,12,11
19.7,14,15
26.25,13,40
8.33,13,7
48.08,16,17
57.7,16,20
32.7,18,35
20.2,13,18
10.5,12,33
11.55,9,43
17.8,12,35
8.97,16,20
27.78,16,27
12.55,11,11
16.78,12,12
18.5,14,53
17,12,39
11.27,12,27
54.95,18,32
8.78,16,4
11,12,44
3.6,13,5
14.43,9,48
36.54,16,19
18,16,23
17.3,12,47
18.87,12,22
28.85,12,36
19,14,8
11,12,37
34.63,18,23
15.54,14,7
46.16,16,28
9.7,14,5
11.05,13,45
18.9,16,26
30,16,7
14,13,7
23.1,12,39
10.52,11,56
14,12,34
31.25,13,30
38.46,18,16
28.38,16,19
26.45,12,44
31.25,18,28
38.46,21,17
8.5,14,7
24.03,21,18
10,12,14
10,16,19
23.4,14,17
20.78,12,34
34.78,13,16
8.75,14,13
15.38,14,28
8.65,8,38
7.25,16,32
16,13,12
15,13,12
21.83,16,12
14,12,18
13.4,11,37
13,12,38
18.5,14,28
16,16,25
19.95,16,9
25.6,13,11
15.85,18,15
72.13,21,15
16.4,16,9
19.23,12,42
34.62,18,32
16.25,16,40
20.18,16,11
17.25,12,32
32.2,18,20
7.06,12,13
9,13,41
21.97,12,46
32.04,13,44
19.25,12,6
9.24,16,6
43.75,16,11
29.96,13,20
38.45,13,7
15.6,14,8
20.83,13,19
21.53,12,37
24.91,16,42
25,16,6
18.28,12,18
25.48,18,14
14.02,14,31
10,12,32
9.33,13,47
16.35,11,32
25.95,16,30
12.95,13,5
10.83,12,7
16.03,21,34
10,12,17
10.2,13,43
10,13,6
11,10,24
11.9,12,23
42.3,16,35
38.45,12,33
12,13,5
51.93,13,53
16.78,14,12
20,16,27
38.45,16,33
18.75,16,8
13.82,16,48
12.83,12,16
17.3,12,29
8,13,5
5.75,13,13
32.88,18,12
32.14,18,20
14.75,14,21
18.28,18,9
31.25,12,31
35,13,13
14.42,21,14
36,13,26
23.09,14,14
8,12,25
10.58,12,13
4.8,6,52
24.05,8,47
25,13,43
6,12,32
11,12,35
14,12,7
7.85,12,32
22.22,18,26
15.59,12,30
9.23,12,27
33,13,21
10.25,12,13
60.1,12,48
12.5,12,20
13.75,13,22
15,12,8
14.3,13,28
23.08,18,13
28.85,13,25
31.25,16,13
31.25,12,44
50,16,28
11.2,12,20
18.75,12,21
40.07,14,17
19.23,16,6
28.46,16,14
10.76,13,6
12,10,21
34.15,18,37
22,13,25
39.4,13,29
8.65,12,11
19.23,12,44
9.1,12,22
53.75,21,38
47.58,16,17
8.4,12,47
40.38,16,19
14.55,12,21
10,14,14
21.15,16,27
14,13,13
25,21,25
15,16,8
24.05,13,37
48.08,13,34
17,16,29
19.23,14,12
59.09,12,34
26.5,12,34
12.5,16,21
10.95,14,29
8,8,35
20.78,16,33
19.23,12,24
22,16,42
15.38,16,6
37.03,18,6
12.67,12,18
15,13,29
21.25,14,14
28.84,16,20
12.68,12,47
36.05,14,27
34.13,16,3
26.98,12,37
14.85,14,42
12,16,7
22,12,25
25,12,28
38.47,16,29
30.55,14,12
6,12,19
12,13,26
10,13,5
10.23,12,28
7,12,13
7.5,16,51
6.93,12,27
13.88,12,41
18.4,12,41
11,13,39
11.8,12,9
15.38,16,38
11.5,16,9
14.88,12,35
10,14,38
22.75,16,24
9.5,12,34
48.08,18,17
16,12,31
10.95,12,14
16.67,12,38
31.5,16,25
13.33,13,22
25,12,35
38.46,16,30
38.45,18,18
25.95,9,34
10.5,12,40
26.45,12,15
13.45,12,35
7.69,12,41
35.98,14,22
40.7,16,38
11.55,12,39
34,13,34
36.05,16,23
16.33,16,30
8,12,58
15.35,13,32
22.5,16,18
15.79,12,11
11,12,32
15,13,25
23.08,16,19
12.5,16,10
7.75,12,9
11.78,16,37
11.54,12,12
33.65,16,41
21.63,13,26
11.35,13,38
10.32,13,11
21.88,16,7
8,9,33
16.02,12,37
15.38,12,37
22.5,14,18
15.83,12,39
15,12,22
7.5,13,12
22.04,18,26
14,12,39
27.88,16,17
12,13,24
14,12,65
15.05,14,47
8.75,9,39
19.23,13,34
23,12,34
21.92,21,18
12.5,14,26
6.5,10,21
27.27,14,23
26.45,21,38
36.05,16,40
40.38,18,34
16.83,13,9
16.8,12,22
27.88,13,37
15.8,12,27
12.5,12,20
23.55,16,28
17,13,38
26.67,21,30
22.7,16,11
11.75,12,8
8.04,13,10
17.8,13,13
19.23,16,32
32.5,16,36
6.88,13,9
15,16,6
15,12,19
21.67,12,28
18.09,13,27
8.65,12,28
9.73,16,11
52.45,16,31
10,16,5
10,9,21
25,14,38
8.5,12,12
24.19,16,23
7.5,12,33
10.5,14,7
16.83,13,8
18,10,39
8,16,12
14,11,36
24.05,16,34
22.13,18,19
19.23,12,35
19.58,14,34
9.5,12,31
31.25,21,16
14.29,16,13
12.76,12,24
38.45,16,28
10,12,29
9.63,12,38
25,13,41
27.5,12,39
21.38,18,34
8.75,16,21
13.75,16,20
7.25,16,45
15,13,26
14.43,12,19
27,13,45
44.44,16,26
24.8,18,28
11.05,12,30
25.76,16,31
14.5,12,17
15.88,12,13
23.23,12,26
12,12,22
10,13,49
24.03,16,5
48.08,21,33
21.16,18,36
11.3,12,10
14.4,12,19
12,13,15
64.11,16,26
10.19,12,42
32.7,16,32
12.5,13,23
10,12,33
24.03,12,29
15.28,12,37
28.85,12,16
8,12,9
15.14,16,21
27.78,13,40
17.63,16,12
20.2,16,19
12.5,14,29
10.58,6,29
40,13,41
9.63,13,21
21.63,16,17
6.67,14,37
25,16,10
57.7,18,20
13,12,20
10,12,30
14,12,31
21.63,16,15
20,21,16
4.8,21,20
20.18,12,12
13.93,14,24
44.64,16,21
11.3,14,45
11.75,13,5
6.51,16,47
11.11,16,16
44,21,42
69.7,14,26
12.5,14,10
7.5,6,23
14.43,6,19
9.26,16,6
31.25,16,11
32.04,16,35
20.78,14,28
24,12,43
16.35,16,10
37,16,22
13.47,16,35
17,12,33
21.63,13,34
6.25,12,7
33.75,18,6
10.5,12,42
10.25,13,10
13.6,10,39
16.83,12,30
11,13,5
15,16,6
20.98,16,39
13,12,25
12.35,12,10
12.03,6,30
8.63,10,32
29.87,12,31
14,13,6
18.75,12,18
24.03,18,40
10,10,45
8,14,18
13,12,22
16,12,51
21.63,16,6
15,13,22
15,13,14
11.74,9,30
12.75,10,16
45.65,13,39
10,11,55
57.7,16,26
8.27,13,9
6.25,13,51
36.92,18,37
50,13,50
20,12,25
5,11,9
24.03,18,42
7.25,14,29
5.5,12,30
9,12,14
12.5,14,38
21.63,16,21
13.45,14,14
19.23,18,8
16.73,12,46
42.12,16,27
20.25,16,12
11.52,16,42
20.4,14,12
25,14,25
10,13,12
24,16,26
57.7,16,38
13.85,14,25
9.24,16,9
20,12,44
26.67,18,16
14.4,16,6
4.4,12,10
40.6,18,34
21.97,13,5
11.5,14,41
4.9,21,50
16.14,13,48
20.15,12,13
52.45,18,32
27.7,13,39
19.23,18,21
8.25,9,24
16.83,16,29
46.15,18,20
16.6,10,39
12.5,12,26
36.05,16,26
12,21,29
28.85,16,25
28.5,16,25
1,12,29
7.46,12,7
9,16,6
12.5,13,34
16.75,16,27
38.46,18,27
20,14,28
12.18,16,8
14.4,12,48
19.23,18,25
18.08,14,42
11.55,16,4
13,13,11
6.58,10,51
32.94,16,19
19.05,13,34
9.41,11,20
13.85,16,23
14.6,12,29
5.75,12,54
7.2,12,46
25.48,9,51
38.75,12,13
7,13,5
17.5,14,17
29,12,24
19.23,12,21
7.26,12,50
36.38,16,26
22,13,9
6.78,14,36
16.88,13,45
21.63,12,24
15.13,12,41
25.05,16,37
14.43,12,37
14.96,18,23
15.25,12,34
21.63,18,37
10,13,7
65.76,18,38
28.85,18,11
14.5,12,20
38.47,12,43
9.87,12,14
41.9,12,25
34.6,16,12
7,11,8
33.06,16,30
19.23,12,30
50,14,23
7.1,12,17
16.03,16,24
24.64,14,37
15.84,13,16
8.5,11,11
64.1,21,9
17.86,14,38
38.5,18,26
24.71,16,17
11,13,10
22.6,14,25
25.15,16,22
17.49,14,33
20.64,14,11
15.4,16,6
17.55,12,42
9.7,16,7
